<?xml version="1.0" encoding="UTF-8"?>
<project-private xmlns="http://www.netbeans.org/ns/project-private/1">
    <editor-bookmarks xmlns="http://www.netbeans.org/ns/editor-bookmarks/2" lastBookmarkId="0"/>
    <open-files xmlns="http://www.netbeans.org/ns/projectui-open-files/2">
        <group>
            <file>file:/F:/demoV2/src/javaproject/StudentsForm.java</file>
            <file>file:/F:/demoV2/src/javaproject/extra_internship.java</file>
            <file>file:/F:/demoV2/src/javaproject/extracircular.java</file>
            <file>file:/F:/demoV2/src/javaproject/internship.java</file>
            <file>file:/F:/demoV2/src/javaproject/Login.java</file>
            <file>file:/F:/demoV2/src/javaproject/Sign_up.java</file>
            <file>file:/F:/demoV2/src/javaproject/Marks_entry.java</file>
        </group>
    </open-files>
</project-private>
